title,director,country,genre,year
Приветствие Диксона,Уильям Диксон,США,Документальное кино,1891
Ньюаркский атлет,Уильям Диксон,США,Документальное кино,1891
Боксирующие мужчины,"Уильям Диксон, Уильям Хейз",США,"[d], немое кино",1891
Сцена в саду Раундхэй,Луи Лепренс,Англия,Документальное кино,1888
Шалости,"Уильям Диксон, Уильям Хейз",США,комедия,1890
Трафальгарская площадь в Лондоне,"Вордсворт Донисторп, Уильям Карр Крофтс",,Документальное кино,1890
"Я знаю, куда я иду!","Майкл Пауэлл, Эмерик Прессбургер",Великобритания,"[1], мелодрама, комедия",1945
Это было в Донбассе,"Леонид Луков, Владимир Сухобоков",СССР,"исторический фильм, военный фильм",1945
Аватар 5,"Джеймс Кэмерон, Пиранья 2: Нерест, Чужие, Бездна, Правдивая ложь, Титаник, Терминатор, Терминатор, Терминатор 2: Судный день, Аватар, Аватар, Аватар: Путь воды, Аватар 3, Аватар 4, Аватар 5, Экспедиция «Бисмарк», [en], Призраки бездны: Титаник, Чужие из бездны, [en], Ксеногенезис, Т2 3-D: Битва сквозь время",США,"боевик, эпический фильм, фэнтези, приключения, научная фантастика",2031
Джонни Эйнджел,Эдвин Л. Марин,США,Фильм нуар,1945
Зоя,Лео Арнштам,СССР,драма,1944
Жилец,Джон Брам,США,"нуар, детектив, фильм ужасов",1944
Жила-была девочка,Виктор Эйсымонт,СССР,драма,1944
Сан-Антонио,"Дэвид Батлер, Роберт Флори, Рауль Уолш",США,вестерн,1945
Это случилось завтра,"Рене Клер, [1], [2]",США,"[1], [d], комедийный фильм, драматический фильм, фэнтезийный фильм",1944
Чебурашка 2,Дмитрий Дьяченко,Россия,,2025
Форсаж 11,Луи Летерье,США,боевик,2025
Финист. Первый богатырь,Дмитрий Дьяченко,Россия,,2025
Волшебник Изумрудного города,Игорь Волошин,Россия,фэнтези,2024
Волки,Джон Уоттс,США,триллер,2024
Возвращаюсь к нормальной жизни,Сэм Тейлор-Вуд,"США, Великобритания","драматический фильм, музыкальный фильм, биографический фильм",2024
Границы округа,Генри Блейк,Великобритания,драма,2019
Грекзит,Коста-Гаврас,"Франция, Греция",драма,2019
Грань времени,"Джастин Бенсон, Аарон Мурхед, Ломка, З/Л/О: Новый вирус, Весна, Паранормальное, Грань времени, Сверхъестественное. Знаки",США,"триллер, фантастика",2019
Гражданин X,Алекс Гибни,,[d],2019
Гости,Евгений Абызов,Россия,"триллер, мелодрама, ужасы",2019
Голос люкс,Брэди Корбет,США,"драматический фильм, музыкальный фильм",2018
"Гори, гори ясно",Дэвид Яровески,США,"супергеройский, фильм ужасов",2019
Государственные,Сергей Лозница,"Нидерланды, Литва",документальный,2019
Клуб онанисток,Том Сикс,США,"эротическая, драма",2019
Клаустрофобы,Адам Робител,США,"триллер, боевик, фильм ужасов",2019
Кармилла,Эмили Харрис,Великобритания,Ужасы,2019
Киллер по вызову,Роджер Эвери,"Франция, Канада","боевик, комедийный",2019
Квин и Слим,Мелина Мацукас,США,драма,2019
Кладбище домашних животных,"Кевин Колш, Деннис Уидмайер",США,фильм ужасов о сверхъестественном,2019
Клаус,"Серхио Паблос, (, рус.","Испания, [1]","комедия, драма",2019
"Ким Джи Ён, 1982 года рождения",Ким До Ён,Республика Корея,драма,2019
Капкан,Александр Ажа,США,природный фильм ужасов,2019
Капитан Марвел XXX: пародия Акселя Брауна,Аксель Браун,США,"экшен, порнопародия, порнографический фильм, комедия",2019
К звёздам,Джеймс Грэй,США,"триллер, приключения, фантастика, драма",2019
Исчезновение,Кристоффер Нюхольм,Великобритания,триллер,2019
Как я стал русским,"Акаки Сахелашвили, Ся Хао","Россия, Китай",комедия,2019
Кадиш,Константин Фам,"Россия, Белоруссия, Израиль","Исторический, Драма, Военный",2019
История Дэвида Копперфилда,Армандо Ианнуччи,"Великобритания, США, Греция",комедийная драма,2019
Капитан Марвел,"Анна Боден, ru, Райан Флек, ru",США,"супергероика, боевик, фантастика, приключения",2019
Искусство самообороны,Райли Стернс,США,"триллер, фильм о боевых искусствах, криминал, чёрная комедия",2019
Ип Ман 4: Финал,"Уилсон Ип, ru",Гонконг,"боевик, драма, биографический фильм, исторический фильм",2019
Ио,Джонатан Хелперт,США,фантастика,2019
Изгоняющий дьявола: Инсомния,Дэниэл Дж. Филлипс,Австралия,Ужасы,2019
Имам Шамиль. Осада Ахульго,Магомед Абдулкадыров,Россия,"исторический фильм, военный",2019
"Извините, мы вас не застали",Кен Лоуч,"Великобритания, Франция, Бельгия",драма,2019
Извержение,"Ли Хэ Чжун, Ким Бён Со",Республика Корея,боевик,2019
Иди к папочке,Ант Тимпсон,"Канада, Ирландия, США, Новая Зеландия","триллер, чёрная комедия",2019
Ирландец,"Мартин Скорсезе, В поисках Бобби Фишера, Гражданский иск, Вся королевская рать",США,"криминальный фильм, биографический фильм, биография, драма, [d], драматический фильм",2019
Золотая перчатка,Фатих Акин,"Германия, Франция, [3]",триллер,2019
Зубастики атакуют,Бобби Миллер,США,"фантастический, комедийный, американский, фильм ужасов",2019
Идеальное свидание,Крис Нельсон,США,романтическая комедия,2019
Идеальная няня,Люси Борлето,Франция,психологический триллер,2019
Игры с огнём,Энди Фикмен,США,"Семейный фильм, Комедия",2019
Игры разумов,П. Б. Шемран,"США, Ирландия",драма,2019
Змей,Кристофер Винтербауэр,США,комедийный фильм,2019
Зов волка,"Абель Ланзак, [en]",Франция,"Триллер, Научная фантастика, Боевик",2019
Злодеи,"Дэн Берк, Роберт Ольсен",США,фильм-триллер,2019
Здесь была Бритт-Мари,Тува Новотны,Швеция,"Мелодрама, комедия",2019
«Звук тишины»,Майкл Тыбурский,США,Драма,2019
Звук металла,Дариус Мардер,США,драматический фильм,2019
Звонок. Последняя глава,Хидэо Наката,Япония,"[d], фильм ужасов о сверхъестественном",2019
Звериная ярость,Ник Пауэлл,США,"триллер, боевик",2019
Зеровилль,Джеймс Франко,США,комедия-драма,2019
Звёздные войны: Скайуокер. Восход,"Дж. Дж. Абрамс, Миссия невыполнима 3, Звёздный путь, Супер 8, Стартрек: Возмездие, Звёздные войны: Пробуждение силы, Звёздные войны: Скайуокер. Восход",США,"эпическая, космическая опера",2019
За кулисами,Эвелина Барсегян,Россия,трагикомедия,2019
Начало,Деа Кулумбегашвили,"Грузия, Франция",драма,2020
Напугай меня,Джош Рубен,США,"чёрная комедия, ужасы",2020
Запретная кухня,"Фернанду Гроштейн Андради, [en]","США, Бразилия",комедийный фильм,2019
Захар Беркут,Ахтем Сеитаблаев,"США, Украина","экшен, экранизация, драма, приключения, исторический",2019
Загадочное убийство,"Кайл Ньюачек, ru",США,"боевик, комедия, драма, детектив",2019
Завод,Юрий Быков,"Россия, Франция","триллер, криминал, драма",2019
Завод (The Plant),Константин Самсонов,Россия,документальный фильм,2019
На острие,Эдуард Бордуков,Россия,"спортивный фильм, драма",2020
На Луне,Егор Михалков-Кончаловский,Россия,"триллер, приключения",2020
На дальних рубежах,Максим Дашкин,Россия,"драма, мелодрама",2020
Мы можем быть героями,Роберт Родригес,США,Супергеройский фильм,2020
Мучо Мучо Амор: Легенда о Вальтере Меркадо,"Карим Табш, Кристина Констатини",США,документальный фильм,2020
Москит,Жуан Нуну Пинту,"Португалия, Бразилия, Франция, Мозамбик","боевик, исторический фильм",2020
Момент истины,,США,,2020
Мулан,Ники Каро,США,"фэнтези, драма, боевик",2020
Мисс Плохое поведение,Филиппа Лоуторп,"Великобритания, Франция",драматический фильм,2020
Мой год в Нью-Йорке,Филипп Фалардо,"Канада, Ирландия",драма,2020
Мир грядущий,"Мона Фастволд, [d]",США,"драматический фильм, [1], [d], романтический фильм",2020
Мой учитель-осьминог,"Пиппа Эрлих, [d], James Reed, [d]",ЮАР,документальный фильм,2020
Мой создатель,"Гэвин Ротери, [d]","Великобритания, Венгрия, [2], США, [2]","Психологическая драма, Научная фантастика",2020
Мои волосы хотят убивать,"Джастин Симиен, [en]",США,,2020
Мисс Американа,Лана Уилсон,США,Документальное кино,2020
Минари,Ли Айзек Чун,США,драма,2020
Минамата,"Эндрю Левитас, Хлам, Храбрец, Моди",США,драматический фильм,2020
Милашки,Маймуна Дукуре,Франция,"комедия, драма",2020
Маша,Анастасия Пальчикова,Россия,Драма,2020
Марионетка,Элберт ван Стриен,"Нидерланды, Люксембург, Великобритания","триллер, мистика",2020
Марафон желаний,Даша Чаруша,Россия,"мелодрама, комедия",2020
Жизнь морских обитателей,Чжан Чи,Китай,драма,2019
Жизнь на перемотке,Антони Марсьяно,Франция,комедия,2019
Манк,Дэвид Финчер,США,фильм-биография,2020
Животные,"Софи Хайд, [d]","Австралия, Ирландия","драма, комедия",2019
Жёсткая краска,"Филипе Матцембахер, [d], [2], Марсио Реолон, [d], [3]",Бразилия,"драматический фильм, [d]",2018
Жадность,Майкл Уинтерботтом,Великобритания,"сатира, комедия",2019
Елгава 94,Янис Абеле,Латвия,"драматический фильм, приключенческий фильм",2019
Души в снежном вихре,"Дзинтарс Дрейбергс, (, рус.",Латвия,"блокбастер, военный фильм, драма",2019
Друзья навсегда,"Габриэла Каупертвэйте, [d]",США,драматический фильм,2019
Железное небо: Грядущая раса,"Тимо Вуоренсола, [1]","Финляндия, Германия","сатира, комедия, пародия, фантастика, альтернативная история",2019
Дружить по-русски!,Варант Суджян,Франция,комедия,2019
Дорогой папа,Михаил Расходников,Россия,"семейный, комедия",2019
Другой,Ли Кронин,"Ирландия, Великобритания, Бельгия, Финляндия","триллер, драма, ужасы, детектив",2019
Достать ножи,"Райан Джонсон, Кирпич, Братья Блум, Петля времени, Звёздные войны: Последние джедаи, Достать ножи, Достать ножи, Стеклянная луковица, Достать ножи 3",США,мистерия,2019
Дора и затерянный город,Джеймс Бобин,США,"приключения, семейный",2019
Домино,Брайан Де Пальма,"Дания, Франция, Италия, Бельгия, Нидерланды","триллер, криминальный фильм",2019
Донбасс. Окраина,Ренат Давлетьяров,Россия,"военный, драма",2019
Домой,Нариман Алиев,Украина,Драма,2019
Домовой,Евгений Бедарев,Россия,"фэнтези, семейный фильм, комедия, боевик",2019
Доктор Сон,Майк Флэнаган,США,ужасы,2019
Дитя робота,Грант Спьютор,Австралия,"триллер, фантастика",2019
Дождливый день в Нью-Йорке,Вуди Аллен,США,Романтическая комедия,2019
Для Самы,"Ваад Аль-Катиб, Эдвард Уоттс, [d]","Великобритания, Сирия",документальный фильм,2019
Дикие мальчишки,"Бертран Мандико, [d]",Франция,"драматический фильм, приключенческий фильм",2017
Дикая лига,"Андрей Богатырёв, Арт Камачо",Россия,"исторический, драма, спортивная",2019
Джуди и Панч,Мирра Фолкс,Австралия,"триллер, чёрная комедия",2019
Джуманджи: Новый уровень,Джейк Кэздан,США,"приключения, фэнтезийная комедия",2019
Джим Маршалл: Рок-н-ролл в объективе,Альфред Джордж Бэйли,"США, Великобритания",документальный фильм,2019
Джон Уик 3,Чад Стахелски,США,,2019
Джуди,Руперт Гулд,Великобритания,"биография, мюзикл, драма",2019
Джокер,Тодд Филлипс,США,"психологический триллер, драма",2019
Джей и Молчаливый Боб: Перезагрузка,Кевин Смит,США,комедия,2019
Детские игры,Ларс Клевберг,"США, Канада",,2019
Джей в Голливуде,Джейсон Мьюз,США,"комедия, криминал",2019
Джентльмены,Гай Ричи,"Великобритания, США","боевик, комедия, криминал",2019
День до,"Александр Котт, Владимир Котт, Александр Карпиловский, Борис Хлебников",Россия,"фантастика, драма",2016
Дело Ричарда Джуэлла,Клинт Иствуд,США,"биография, драма",2019
Демон революции,Владимир Хотиненко,Россия,"драматический, исторический",2017
Ребенок из Ада,Лоуренс Риггинс,США,"триллер, драма",2019
Два Папы,Фернанду Мейреллиш,"США, Великобритания, Италия, Аргентина","драма, биографический фильм",2019
Девушка в лабиринте,Донато Карризи,Италия,триллер,2019
Девушка моего брата,"Мония Шокри, [3]",Канада,"драматический фильм, [3], комедийный фильм, комедийная драма",2019
Дело Коллини,Марко Кройцпайнтнер,Германия,драма,2019
Девятая,Николай Хомерики,Россия,фильм ужасов,2019
Девушки бывают разные,Сарик Андреасян,Россия,комедия,2019
Девушка с браслетом,Стефан Демустье,Франция,юридическая драма,2019
Дау,"Илья Хржановский, [1]","Россия, Германия, Франция","[1], биографическая драма",2019
Дальше некуда,Джон Туртурро,США,"криминальная, комедия",2019
Давай разведёмся!,Анна Пармас,Россия,"16+, комедия, (, ),, мелодрама",2019
Гуцулка Ксеня,Елена Демьяненко,Украина,мюзикл,2019
Грязь,Джефф Треймейн,США,"биография, драма",2019
Громкая связь,Алексей Нужный,Россия,комедия,2019
Гроза,Григорий Константинопольский,Россия,"[1], трагикомедия, драма",2019
Дамбо,Тим Бёртон,США,"фэнтези, историческая драма, приключения",2019
Грех,Андрей Кончаловский,"Россия, Италия","историческая, драма",2019
Любовь без размера,Мария Шульгина,Россия,"мелодрама, комедия",2020
Ма Рейни: Мать блюза,Джордж С. Вольф,США,драма,2020
Людвиг ван Бетховен,"Ники Штайн, [de]","Германия, Чехия, [1]","драма, биографический фильм",2020
Любовь. Свадьба. Повтор,"Дин Крейг, [d]","Великобритания, [1]","романтический фильм, [1], комедийный фильм, романтическая комедия",2020
"Любовь, свадьбы и прочие катастрофы",Деннис Дуган,США,,2020
Любовь и монстры,Майкл Мэтьюз,"США, Канада","приключения, фантастика, постапокалиптика",2020
Люди Икс,"Брайан Сингер, Бретт Рэтнер, Гэвин Худ, Мэттью Вон, Джеймс Мэнголд, Тим Миллер, Джош Бун, [d], Дэвид Литч, Саймон Кинберг",США,супергеройский фильм,2000
Лето 85,"Озон, Франсуа",Франция,драма,2020
Ловец снов,Керри Харрис,США,ужасы,2020
Любовники,Николь Гарсиа,Франция,"[d], фильм-триллер",2020
Лесси. Возвращение домой,Ханно Ольдердиссен,Германия,", драма,, семейный фильм, Приключения",2020
Лакшми,"Рагхава Лоуренс, [d]",Индия,"комедия, ужасы",2020
Лёд 2,Жора Крыжовников,Россия,"мелодрама, мюзикл, cпорт, драма",2020
Лучшие годы жизни,Клод Лелуш,Франция,"драматический фильм, романтический фильм",2019
Куш собачий,Оливье Ван Хуфстад,Франция,комедия,2020
Купала,Владимир Янковский,Белоруссия,"биография, драма",2020
Кукла 2: Брамс,Уильям Брент Белл,США,фильм ужасов,2020
"Куда ты идёшь, Аида?",Ясмила Жбанич,"Босния и Герцеговина, Австрия, Румыния, Нидерланды, Германия, Польша, Франция, Турция, Норвегия","драматический фильм, исторический фильм, военный фильм, [2]",2020
Кровь и деньги,"Джон Барр, [d]",США,триллер,
Кто не спрятался,Дэйв Франко,США,"триллер, ужасы",2020
Кровные узы,Томас Безуча,США,Триллер,2020
Криминальные боссы,Кларк Дьюк,США,"триллер, криминал, драма",2020
Крёстная мама,"Жан-Поль Саломе, [d]",Франция,"[d], комедийный фильм, криминальный фильм",2020
Кошмары,Энтони Скотт Бёрнс,Канада,"кинофантастика, фильм ужасов",2020
"Кошки против собак 3: Лапы, объединяйтесь!",Шон Макнамара,США,"фэнтези, семейный, комедия, боевик",2020
Корпоративные животные,Патрик Брайс,США,кинокомедия,2019
Коффи и Карим,Майкл Даус,США,"боевик, комедия",2020
Конференция,Иван И. Твердовский,"Россия, Эстония, Италия, Великобритания",драма,2020
Король Стейтен-Айленда,Джадд Апатоу,США,"комедия, драма",2020
Коп на драйве,Тарек Будали,Франция,комедия,2020
Кое-что о Гарри,Питер Пейдж,США,романтическая комедия,2020
Книги крови,Брэннон Брага,США,"сплаттерпанк, фильм ужасов",2020
Коллекторы 2,Джесси Джонсон,США,"боевик, комедия",2020
Кома,Никита Аргунов,Россия,"фэнтези, фантастика, приключения, боевик",2019
Книга видения,Карло Хинтерманн,"Италия, Бельгия, Великобритания","драматический фильм, [d]",2020
Кольская сверхглубокая,Арсений Сюхин,Россия,"боди-хоррор, триллер, научная фантастика, фильм ужасов",2020
Ключ времени,Алексей Тельнов,Россия,"драма, фэнтези, приключения, /, мистика",2020
Колдовство: Новый ритуал,"Листер-Джонс, Зои",США,подростковый фильм,2020
Как Надя пошла за водкой,Владимир Мирзоев,Россия,трагикомедия,2020
Клаустрофобы: Квест в Москве,Уилл Верник,США,"фильм-триллер, фильм ужасов",2020
Калашников,Константин Буслов,Россия,биография,2020
Итальянские каникулы,Массимо Венье,Италия,", мелодрама, комедия",2020
Иччи,Костас Марсаан,,Ужасы,2020
Капоне. Лицо со шрамом,Джош Транк,"США, Канада","биографическая, драма",2020
Каджиллионер,Миранда Джулай,США,"[1], криминальный фильм, история взросления",2020
Китобой,Филипп  Юрьев,Россия,драма,2020
Искусство ограбления,"Джузеппе Капотонди, [d]","США, [3], [4], Италия, [5], [3], […], Великобритания, [5], [3]",[d],2019
История семьи Блум,"Глендин Айвин, [d]","США, Австралия","драматический фильм, [d]",2020
Искусство греха,"Ibrahim Mursal, [d]","Норвегия, Судан","[d], документальный фильм",2020
Илхак,Джахонгир Ахмедов,Узбекистан,драма,2020
Империя комаров,Филип Ян Рымша,"Польша, США","триллер, драма",2020
Искусственный интеллект,Бен Фальконе,США,"боевик, Романтическая комедия",2020
Изгнание,"Visar Morina, [d]",,драматический фильм,2020
Идеальный кандидат,Хаифа аль-Мансур,Саудовская Аравия,комедийный фильм,2019
Игры шпионов,Доминик Кук,Великобритания,историческая драма,2020
"Игры, в которые играют люди",Йенни Тойвониеми,Финляндия,"комедийная, драма",2020
Золотое кольцо,Шота Гамисония,Россия,"романтическая комедия, мелодрама, роуд-муви",2020
Зоя,"Леонид Пляскин, Максим Бриус",Россия,"историческая, (, ), драма, военно, -, 12+",2020
Мой любимый враг,Питер Хатчингс,США,романтическая комедия,2021
Молоко,Карен Оганесян,Россия,"комедия, драма",2021
Зови меня Дрозд,Павел Мирзоев,Россия,мелодрама,2020
Мой легионер,"Рэйчел Лэнг, [d]","Франция, Бельгия",драматический фильм,2021
Мой волк,Дени Имбер,Франция,приключенческий фильм,2021
Мейер Лански,Иван Роквей,США,"биографическая, криминальная драма",2021
Множественные святые Ньюарка,Алан Тейлор,США,"криминальная, драма",2021
Межсезонье,Александр Хант,Россия,криминальная мелодрама,2021
Медея,Александр Зельдович,Россия,драма,2021
Мать/Андроид,Маттсон Томлин,США,"научно-фантастический фильм, фильм-триллер",2021
Маргарита — королева Севера,"Шарлотта Зилинг, [d], [1]","Дания, Норвегия, [4], Швеция, [4], Польша, [4], Чехия, [4], Исландия, [4]","историческая драма, биографический фильм, [4], драматический фильм, исторический фильм",2021
Мария. Спасти Москву,Вера Сторожева,Россия,драма,2021
Матрица: Воскрешение,Лана Вачовски,США,"триллер, боевик, киберпанк, постапокалиптика, научная фантастика, антиутопия",2021
Малькольм и Мари,Сэм Левинсон,США,романтический фильм,2021
Малышка,Брайан Эндрю Мендоза,США,боевик,2021
Маленький воин,Илья Ермолов,Россия,"драма, спортивная",2021
Мальчик по имени Рождество,"Гил Кинан, [d]",Великобритания,"[d], фэнтезийный фильм",2021
"Мама, я дома",Владимир Битоков,Россия,драма,2021
Маленькая рыбка,"Чад Хэртиган, [d]",США,"романтический фильм, научно-фантастический фильм",2021
Маленькая мама,Селин Сьямма,Франция,Драма,2021
Мегрэ и таинственная девушка,Патрис Леконт,"Франция, Бельгия",[d],2022
Мадам Икс,,"США, США","документальный фильм, концертный фильм",2021
Матильда,"Мэттью Уорчас, ru","США, Великобритания",,2022
Магазинные воришки всего мира,"Стивен Кижак, [d]",США,,2021
Меню,Марк  Майлод,США,"триллер, комедия ужасов, чёрная комедия",2022
Месть,Б. Дж. Новак,США,"комедия, драма",2022
Маскарад,Николя Бедос,Франция,"драматический фильм, комедийный фильм",2022
Майор Гром: Чумной Доктор,"Олег Трофим, Лёд, Майор Гром: Чумной Доктор, расширенная версия, Гром: Трудное детство, Майор Гром: Игра",Россия,"супергероика, приключения, детектив, боевик",2021
"Марсель, ракушка в ботинках",Дин Флейшер-Кэмп,США,Комедийная драма,2021
Марлоу,"Нил Джордан, [1]","США, [4], Испания, [3], Франция, [3], Ирландия, [4], [3]","триллер, нуар",2022
"Мальчик, Крот, Лис и Конь","Peter Baynton, [d], Чарли Маккизи","Великобритания, США",,2022
Маньяк,Франк Кальфун,Франция,"слэшер, психологический триллер",2012
"Манцикерт, 1071-й","Озгюр Бакар, Билал Калёнку",Турция,"исторический фильм, боевик",2022
Марш утренней зари,Роман Качанов,Россия,"историческое кино, музыкальное кино, комедия",2022
Малыш Джо,Джессика Хаузнер,"Австрия, Великобритания, Германия","драматический фильм, научно-фантастический фильм",2019
Маленький пакет любви,Гастон Солники,"Аргентина, Австрия",драма,2022
Любовь для взрослых,"Барбара Топсеэ-Ротенборг, [da]",Дания,"триллер, драма",2022
Лулу и Бриггс,Ченнинг Татум,США,"комедийная драма, роуд-муви",2022
Лучший,Майкл Грейси,Великобритания,"биография, драма",2022
М3ГАН,Джерард Джонстоун,"США, [3]","фильм ужасов, научно-фантастический",2022
Любовь по вызову,"Софи Хайд, [d]",Великобритания,комедийная драма,2022
Любовь как бестселлер,Эналин Каль-и-Майор,"Мексика, Великобритания",романтическая комедия,2022
Лучшие в аду,Андрей Батов,Россия,"военный, боевик",2022
Любовь искупительная,Ди Джей Карузо,США,"[d], романтический фильм",2022
Говорящие картинки,Масаюки Суо,Япония,"комедия, драма",2019
Главнокомандующий,"Росс В. Кларксон, Филиппе Мартинес","США, Великобритания, Венгрия, Филиппины",боевик,2019
Герой,Карен Оганесян,Россия,"триллер, боевик, комедия, криминал",2019
«Голос за безгласных»,Анна Барсукова,Россия,Документальное кино,2019
Лицо памяти,Доминик Граф,Германия,драма,2021
Либерея: Охотники за сокровищами,Глеб Орлов,Россия,"приключения, боевик",2022
Годзилла 2: Король монстров,Майкл Догерти,"[2], [2], [2]",фильм о монстрах,2019
Глотай,"Carlo Mirabella-Davis, [d]","США, Франция","драматический фильм, независимый кинематограф",2019
Героические лузеры,Себастьян Боренштейн,"Аргентина, Испания","криминальная, комедия",2019
Выше неба,Оксана Карас,Россия,мелодрама,2019
Вторжение,"Фёдор Бондарчук, Олег Трофим, Лёд, Майор Гром: Чумной Доктор, расширенная версия, Гром: Трудное детство, Майор Гром: Игра",Россия,"фантастика, драма",2019
Гемини,Энг Ли,США,остросюжетный боевик,2019
"Где ты, Адам?",Александр  Запорощенко,Украина,документальный фильм,2019
Гарриет,Кейси Леммонс,США,драма,2019
Гарет Джонс,Агнешка Холланд,"Украина, Польша, Великобритания","драматический фильм, фильм-триллер, биографический фильм",2019
"Гангстер, коп и дьявол",Ли Вон Тхэ,Республика Корея,"Триллер, Боевик",2019
Встреча одноклассников,Валентин Шпаков,Украина,комедия,2019
Воскресенье,Светлана Проскурина,Россия,драма,2019
Волшебник,Михаил Морсков,Россия,"комедия, драма",2019
Волны,Трей Эдвард Шульц,США,драма,2019
Водяная,Алексей Барыкин,Россия,фэнтези,2019
Вне закона,"Джеймс Каллен Брессак, [d]",США,боевик,2019
Вивариум,Лоркан Финнеган,"США, Великобритания, Ирландия, Бельгия, Дания","научно-фантастический фильм, фильм-триллер",2019
Вечный свет,Гаспар Ноэ,Франция,драматический фильм,2019
Верность,Нигина Сайфуллаева,Россия,"эротика, драма",2019
Ван Гоги,Сергей Ливнев,Россия,драма,2019
В тихом омуте,Адам Рэндолл,США,,2019
В тени Луны,Джим Микл,США,"триллер, фантастика",2019
В прямом эфире,Ниша Ганатра,США,комедийная драма,2019
В погоне за Бонни и Клайдом,Джон Ли Хэнкок,США,"биография, криминальная драма",2019
В плену у сакуры,Масаки Иноуэ,"Япония, Россия",романтический фильм,2019
В ожидании варваров,Сиро Герра,"Италия, США",Драма,2019
В этом уголке мира,"Сунао Катабути, [en]",Япония,"аниме, военный, драма, исторический, повседневность",2016
В метре друг от друга,Джастин Бальдони,США,мелодрама,2019
Британский психопат,Джесси В. Джонсон,,"боевик, криминал",2019
В Кейптаунском порту,Александр Велединский,Россия,драма,2019
В высокой траве,Винченцо Натали,Канада,"драматический, фильм ужасов о сверхъестественном",2019
В винном отражении,Виталий Музыченко,Россия,"комедия, драма",2019
В борьбе за Украину,"Игорь Лопатёнок, Конфискация, Рука, Сальвадор, Взвод, Уолл-стрит, Радиоболтовня, Рождённый четвёртого июля, Дорз, Джон Ф. Кеннеди. Выстрелы в Далласе, Небо и Земля, Прирождённые убийцы, Никсон, Поворот, Каждое воскресенье, Александр, Башни-близнецы, Буш, Уолл-стрит: Деньги не спят, Особо опасны, Сноуден, Последний год во Вьетнаме, Безумный человек Мартиники, Персона нон грата, Команданте, В поисках Фиделя, К югу от границы, Нерассказанная история США, Интервью с Путиным, В борьбе за Украину, Казах. История золотого человека",США,документальный,2019
Бык,Борис Акопов,Россия,криминальная драма,2019
Брексит,"Тоби Хайнс, [d]",Великобритания,"драматический фильм, [d]",2019
Борьба с моей семьёй,Стивен Мерчант,"США, Великобритания","спорт, биография, комедия, драма",2019
Брачная история,Ноа Баумбах,"США, Великобритания",трагикомедия,2019
Братство,Павел Лунгин,Россия,"военный фильм, драма",2019
Брат или Брак 2,Алишер Утев,Казахстан,комедия,2019
Большая поэзия,Александр Лунгин,Россия,триллер,2019
Боль и слава,Педро Альмодовар,Испания,драма,2019
Божественная ярость,Ким Чжу Хван,Республика Корея,фильм ужасов,2019
Бескрайняя ночь,Эндрю Паттерсон,США,"мистика, научная фантастика, драма",2019
Блуждающая земля,Франт Гво,Китай,"триллер, фантастика, фильм-катастрофа",2019
Битва у Биг-Рок,Колин Треворроу,США,"короткометражка, фэнтези, научная фантастика, приключения, экшн",2019
Битва за Землю,Руперт Уайатт,США,"триллер, фантастика",2019
Битва,Анар Аббасов,Россия,драма,2019
Бессмертный,Марко Д'Аморе,Италия,"[d], боевик",2019
Бизнес по-казахский в Корее,Ален Ниязбеков,Казахстан,комедийный фильм,2019
Зов предков,Крис Сандерс,США,приключения,2020
Земля кочевников,Хлоя Чжао,США,драма,2020
"Земля голубая, будто апельсин",Ирина Цилык,"Украина, Литва",документальное кино,2020
#живой,Чо Иль Хён,Республика Корея,"зомби-фильм, ужасы",2020
Здесь нет зла,Мохаммад Расулоф,"Иран, [1], Чехия, [1], [4], Германия, [1], [4], […]","драматический фильм, [1], фильм-антология, [2]",2020
Залив тишины,Паула ван дер Уст,"Великобритания, Италия, США",триллер,2020
Заклятье. Дом 32,Альберт Пинто,"Испания, Франция",фильм ужасов,2020
Зависнуть в Палм-Спрингс,Макс Барбаков,США,"фантастика, романтическая комедия",2020
Жизнь за год,Митя Окорн,США,"драма , мелодрама",2020
Жертва,Энди Коллер,Великобритания,ужасы,2020
"Женщина, которая убежала",Хон Сан Су,Республика Корея,драма,2020
Её заветное желание,Тамура Котаро,Япония,"аниме, романтическая драма, -фильм",2020
Евровидение: История огненной саги,Дэвид Добкин,США,"музыкальный фильм, комедийный фильм",2020
Дэвид Боуи: История человека со звёзд,"Гэбриел Рэндж, [d]","Великобритания, Канада","драматический фильм, музыкальный фильм, биографический фильм",2020
Дьявол всегда здесь,Антонио Кампос,США,"триллер, криминал, драма",2020
"Думаю, как всё закончить",Чарли Кауфман,США,"драматический фильм, [d], фильм-триллер",2020
Ещё по одной,Томас Винтерберг,"Дания, Нидерланды, Швеция","трагикомедия, драма",2020
Дублинские дебоширы,Оуэн Маккен,США,"драматический фильм, [d]",2020
Дожить до утра,Мэтт Эскандари,США,"триллер, боевик",2020
Дублёрша,"Джейми Бэббит, [d]",США,романтическая комедия,2020
Дрожь земли: Остров крикунов,Дон Майкл Пол,"Великобритания, США",фильм ужасов,2020
Дорогие товарищи!,Андрей Кончаловский,Россия,"историческая, драма",2020
Дом на другой стороне,Дэвид Брункер,"США, Великобритания","мистический фильм, фильм-триллер",2020
Долгое прощание,"Анил Кариа, [d], [2]","Великобритания, [2]",драматический фильм,2020
Доктор Лиза,Оксана Карас,Россия,"биография, драма",2020
Договор молчания,Робин Пронт,"США, Канада","триллер, боевик, преступление",2020
Добро пожаловать в Чечню,"Дэвид Франс, [en]",США,документальный,2020
Дичь,"Кристофер Лэндон, Only Child, Стоп! Снято!, Горящие пальмы, Паранормальное явление: Метка Дьявола, Скауты против зомби, Счастливого дня смерти, Счастливого нового дня смерти, Дичь",США,"комедия, фильм ужасов",2020
Дикая парочка,Джон Патрик Шэнли,"США, Великобритания, Ирландия",трагикомедия,2020
Джиу-джитсу: Битва за Землю,Димитри Логотетис,США,"боевик, фантастика",2020
Джамбо,"Зои Витток, [d], [1]","Бельгия, [1], Франция, [1], Люксембург, [1]",драматический фильм,2020
Дети кукурузы,Курт Уиммер,США,ужасы,2020
Довод,Кристофер Нолан,"Великобритания, США","триллер, боевик, фантастика",2020
Дедушка нелёгкого поведения,Тим Хилл,США,"семейный, комедия",2020
Дау. Наташа,Илья Хржановский,"Германия, Украина, Великобритания",драма,2020
Девять дней,Эдсон Ода,США,драма,2020
"Девушка, подающая надежды",Эмиральд Феннел,Великобритания,"триллер, чёрная комедия, драма",2020
Две тысячи песен Фариды,Ёлкин Туйчиев,Узбекистан,драма,2020
Два далёких незнакомца,"Трэйвон Фри, Мартин Десмонд Роу",США,"драматический фильм, научная фантастика",2020
Дау. Нора мама,Илья Хржановский,"Украина, Россия",драма,2020
Дау. Никита Таня,Илья Хржановский,"Германия, Украина, Великобритания, Россия",драма,2020
Дау. Вырождение,Илья Хржановский,"Германия, Украина, Великобритания",драма,2020
Дара из Ясеноваца,Предраг Антониевич,Сербия,"военная, драма",2020
Гунда,Виктор  Косаковсккий,"Норвегия, [3], США, [3]",документальный фильм,2020
"Гудбай, Америка",Сарик Андреасян,Россия,"мелодрама, комедия, драма",2020
Грядущая забывчивость,Фернандо Труэба,Колумбия,драма,2020
Гретель и Гензель,Оз Перкинс,"[4], [5], [4], [4]","[d], фильм ужасов, фильм-триллер, фэнтезийный фильм",2020
Гренландия,Рик Роман Во,США,"триллер, фантастика, фильм-катастрофа, драма",2020
Грейхаунд,Аарон Шнайдер,США,"триллер, боевик, военный, драма",2020
Город уснул,Мария Игнатенко,Россия,драма,2020
Город у реки,Виестур Кайришс,Латвия,"исторический фильм, Драма",2020
Гнездо,Шон Дуркин,США,драма,2020
Deep Ones,Чад Феррин,США,ужасы,2020
Глубокое синее море 3,Джон Пог,США,"научная фантастика, ужасы",2020
Глубже!,Михаил Сегал,Россия,"мелодрама, комедия",2020
Глории,Джули Теймор,США,"фильм-биография, драма",2020
Гламурные боссы,Мигель Артета,США,комедия,2020
Гипноз,Валерий Тодоровский,"Россия, Финляндия",,2020
Гардемарины 1787. Мир,Светлана Дружинина,Россия,"приключения, исторический фильм, мелодрама",2020
Гамильтон,"Томас Кейл, [d]",США,музыкальный фильм,2020
Вьена и «Призраки»,Херардо Наранхо,США,"музыкальный фильм, романтический фильм",2020
Выпускной,Райан Мерфи,США,"Мьюзикл, Комедия",2020
Выбивая долги,"Дэвид Эйер, Крутые времена, Короли улиц, Патруль, Саботаж, Ярость, Отряд самоубийц, Яркость, Выбивая долги, Пчеловод",США,"триллер, криминал, драма",2020
«Второй»,Брайан Скиба,США,боевик,2020
Вся жизнь впереди,Эдоардо Понти,"Италия, США",драматический фильм,2020
Локдаун,"Даг Лайман, Эффект колибри, Лок, Море соблазна",Великобритания,"романтический фильм, комедийный фильм, фильм-ограбление",2021
Лётчик,Ренат Давлетьяров,Россия,"история, военный, биография, драма",2021
Мавританец,Кевин Макдональд,"Великобритания, США","триллер, драма",2021
Вступительный акт,"Стив Бирн, [d]",США,комедийный фильм,2020
Все радостные места,Бретт Хейли,США,"драматический фильм, [d], романтический фильм",2020
Любовь в Килнерри,Дэниел Кит,США,"романтика, комедия",2021
Лето соула,Questlove,США,документальный фильм,2021
Ледяная дорога,Джонатан Хенсли,США,экшн-триллер,2021
Купе номер шесть,Юхо Куосманен,"Россия, Финляндия, Эстония, Германия",драма,2021
Лига справедливости,Зак Снайдер,США,,2021
Легенда о Зелёном рыцаре,Дэвид Лоури,"США, Ирландия","фэнтези, драма",2021
Лауреат,Уильям Нуньез,Великобритания,биографический фильм,2021
Культовые тусовщики,Ник Моран,Великобритания,фильм-биография,2021
Лакричная пицца,Пол Томас Андерсон,"США, Канада","романтика, комедия, драма",2021
Кэндимен,"Ниа ДаКоста, Восставший из ада, Ночной народ, Повелитель иллюзий",США,слэшер,2021
Куб,Ясухико Симидзу,Япония,"научная фантастика, фильм ужасов",2021
Крепость,Джеймс Каллен Брэссак,США,"триллер, боевик",2021
Красотка на взводе,Таня Уэкслер,США,экшн-боевик,2021
Кроличья лапа,Нана Джорджадзе,"Россия, ,, Франция","драма, мелодрама",2021
Кто-нибудь видел мою девчонку?,Ангелина Никонова,Россия,драма,2021
Красный призрак,Андрей Богатырёв,Россия,"притча, боевик, истерн, приключения",2021
Круэлла,Крейг Гиллеспи,США,криминальная комедия,2021
Круиз по джунглям,Жауме Кольет-Серра,США,приключенческий фильм,2021
Кролик Питер 2,Уилл Глак,"Великобритания, Австралия, США","семейный, комедия",2021
Красные пророчества,"Александр Изотов,  Родни Джеймс Хьюитт","Россия, США","триллер, боевик",2021
Красное уведомление,Роусон Маршалл Тёрбер,США,"[d], комедийный фильм, фильм-триллер",2021
Красная ракета,Шон Бейкер,США,"комедия, драма",2021
Край света,Майкл Хауссман,"США, Великобритания, Малайзия, Китай","историко, -, приключенческая, драма",2021
Кошачьи миры Луиса Уэйна,Уилл Шарп,"Великобритания, США","драматический фильм, биографический фильм",2021
Космический джем: Новое поколение,"Малкольм Д. Ли, Станция «Фрутвейл», Крид: Наследие Рокки, Чёрная пантера, награды и номинации, Чёрная пантера: Ваканда навеки, награды и номинации",США,"спорт, комедия, поп-рэп, трэп",2021
Космические чистильщики,Чо Сон-хи,Республика Корея,"научно-фантастический фильм, космическая опера",2021
Корпорация Ad Libitum,Полина Ольденбург,Россия,"триллер, приключения",2021
Король Ричард,Рейнальдо Маркус Грин,США,"биографическая, драма, спортивная",2021
Королева баскетбола,"Ben Proudfoot, [d]","США, [1]","документальный фильм, [1], короткометражный фильм",2021
Конёк-Горбунок,Олег Погодин,Россия,"фэнтези, приключения",2021
Кодекс киллера,Мартин Кэмпбелл,США,"триллер, боевик",2021
Клыки ночи,Адам Рэндалл,США,"фильм о вампирах, фильм-триллер",2021
Клаустрофобы 2: Лига выживших,Адам Робител,США,психологический хоррор,2021
Кислород,Александр Ажа,"Франция, США","драматический фильм, фильм про выживание, фильм-триллер, фэнтезийный фильм",2021
Кинотеатр Сабайя,"Орит Фокс Ротем, [he]",Израиль,драма,
Кейт,Седрик Николас-Троян,США,"триллер, боевик, криминал",2021
Капкан,Галина Уразова,Россия,,2021
Капитан Волконогов бежал,"Наталья Меркулова, Алексей Чупов","Россия, Эстония, Франция","триллер, драма",2021
Камон Камон,Майк Миллс,США,драма,2021
Как быть хорошей женой,"Мартен Прово, [d]","Франция, Бельгия",комедийный фильм,2020
Казнь,Ладо Кватания,Россия,"триллер, детектив, неонуар",2021
К счастью,БенДэвид Грабински,США,"комедийный фильм, фильм-триллер",2021
Каждый твой вдох,Вон Стайн,"США, Германия","драматический фильм, психологический триллер",2021
Иуда и чёрный мессия,"Шака Кинг, Станция «Фрутвейл», Крид: Наследие Рокки, Чёрная пантера, награды и номинации, Чёрная пантера: Ваканда навеки, награды и номинации",США,биографический фильм,2021
Исповедь,Фрэн Кранц,США,драматический фильм,2021
Исчезнувший,"Кристиан Карион, [d]","Франция, Великобритания","триллер, детектив, драма",2021
История моей жены,Ильдико Эньеди,"Германия, Франция, Италия, Венгрия","драматический фильм, романтический фильм",2021
Искушение,Пол Верховен,"Франция, Нидерланды, Бельгия","[d], эротический фильм, драматический фильм",2021
Ину-О: Рождение легенды,Масааки Юаса,,,
Идентичность,Ребекка Холл,"США, Великобритания",драматический фильм,2021
Идеальные незнакомцы,Лиор Ашкенази,Израиль,"драматический фильм, комедийный фильм",2021
Иваново счастье,Иван Соснин,Россия,драматический фильм,2021
Иван Денисович,Глеб Панфилов,Россия,драма,2021
Зона 414,Эндрю Бэрд,США,"научно-фантастический фильм, фильм-триллер",2021
Злое,Джеймс Ван,США,фильм ужасов,2021
Звёздный рубеж,Эдвард Дрейк,США,"боевик, научно-фантастический",2021
Золушка,Кэй Кэннон,"США, Великобритания","романтика, мюзикл",2021
Звёздный разум,Алекс Гурьев,Россия,"приключения, фантастика",2021
Стрелок,Роберт Лоренц,США,"триллер, боевик",2021
#засранка,Андрей Хуцуляк,Румыния,Комедия,2021
Заклятие 3: По воле дьявола,Майкл Чавес,США,,2021
Лето 1941 года,Бекбулат Шекеров,Казахстан,военный фильм,2022
Лесной разбойник,Михаэль Крумменахер,"Германия, Швейцария","комедия, детский фильм, приключенческий фильм, семейный фильм, фэнтезийный фильм",2022
Легенды «Орлёнка»,Ольга Беляева,Россия,"фэнтези, комедия, семейный, приключения",2022
Ламборгини:,Роберт Мореско,"США, Италия","драма, биографический фильм",2022
Кто там?,Виталий Дудка,Россия,триллер,2022
Кусочек неба,Михаэль Кох,Швейцария,драма,2022
Крепость 2: Глаз снайпера,Джош Стернфельд,США,"триллер, боевик",2022
Красная Шапочка,"Лина Арифулина, Александр Баршак, Артём Аксёненко, [1]",Россия,"фэнтези, семейный, приключения",2022
Костюм,Грэм Мур,США,"криминал, драма",2022
Корсаж,"Мари Крейцер, [d]","Германия, Австрия, Люксембург, Франция","драматический фильм, [3], биографический фильм, исторический фильм",2022
Король-львёнок,"Давид Моро, [d]",Франция,"семейный фильм, приключенческий фильм",2022
Королевы династии Цин,Эшли Маккензи,Канада,драма,2022
Кроссовушка,Элизабет Аллен Розенбаум,США,"мюзикл, комедия",2022
Крик,"Мэтт Беттинелли-Олпин, Тайлер Джиллетт",США,слэшер,2022
Клондайк,Марина Эр Горбач,"Украина, Турция",драма,2022
Клон,Райли Стернс,"США, Финляндия","научно-фантастический фильм, фильм-триллер",2022
Королева-воин,"Джина Принс-Байтвуд, [d], [1], Любовь и баскетбол, Тайная жизнь пчёл, Бессмертная гвардия, Королева-воин","США, [1]","[1], боевик, эпический фильм, драматический фильм, исторический фильм",2022
Корабль в Пусан,"Ким Хонсон, [d], [2]","Республика Корея, [2]","[1], боевик, криминальный фильм, фильм ужасов, научно-фантастический фильм, [2]",2022
Кома,Бертран Бонелло,Франция,драма,2022
Колено Ахед,Надав Лапид,"Франция, Израиль, Германия",драматический фильм,2021
Код 355,Саймон Кинберг,США,"[d], боевик, шпионский фильм",2022
Когда ты закончишь спасать мир,Джесси Айзенберг,США,комедийная драма,2022
Клинок 47 ронинов,Рон Юань,США,"фэнтези, драма, боевик",2022
Клерки 3,Кевин Смит,США,комедия,2022
Клаустрофобы. Долина дьявола,"Эмерсон Мур, [d]",США,фильм-триллер,2021
Кит,Даррен Аронофски,США,психологическая драма,2022
Кими,"Стивен Содерберг, Секс, ложь и видео, Кафка, Царь горы, Там, внутри, Анатомия Грея, Шизополис, Вне поля зрения, Англичанин, Эрин Брокович, Траффик, 11 друзей Оушена, Во всей красе, Солярис, Эрос, 12 друзей Оушена, Пузырь, Хороший немец, 13 друзей Оушена, Че, Девушка по вызову, Информатор, Всё в порядке, Заражение, Нокаут, Супер Майк, Побочный эффект, За канделябрами, Удача Логана, Не в себе, Птица высокого полёта, Прачечная, Пусть говорят, Без резких движений, Кими, Супер Майк: Последний танец, Присутствие, Чёрный мешок",США,"триллер, криминальный фильм",2022
Как насчёт любви?,Клаус Менцель,США,"драматический фильм, романтический фильм",2022
Как жена,"Джеймс Берд, [d]",США,"триллер, научно-фантастический",2022
Ирония судьбы в Голливуде,Марюс Вайсберг,США,романтическая комедия,2022
Империя света,Сэм Мендес,"Великобритания, США",мелодрама,2022
Изумительный Морис,Тоби Генкель,"Германия, Великобритания","фэнтези, комедия, семейный, приключения",2022
Идеальное алиби,Нил Лабут,США,эротический триллер,2022
Игра теней,"Марк Уильямс, [d]","США, Китай, [1], Австралия, [1]","[1], боевик, фильм-триллер, [2]",2022
Игра агентов,Грант С. Джонсон,США,"триллер, боевик",2022
Иа,Ежи Сколимовский,"Польша, [5]","драматический фильм, роуд-муви",2022
Зловредный,Стивен ЛаМорт,США,"Рождественский, слэшер",2022
Земун,Эдуард Жолнин,Россия,мистический неовестерн,2022
Земля Алькаррас,Карла Симон,"Испания, Италия",[d],2022
Здоровый человек,Пётр Тодоровский-мл.,Россия,драма,2022
Звоните Джейн,"Филлис Надж, [d]",США,драматический фильм,2022
Зверь,Бальтасар Кормакур,"США, Исландия","фильм-выживание, боевик",2022
Звёзды по обмену,Алексей Даруга,Украина,"семейный, комедия",2022
Зачарованная 2,Адам Шенкман,США,"фэнтезийная комедия, мюзикл",2022
Затерянный город,"Аарон Ни, Адам Ни, ru",США,"приключения, экшн, комедия",2022
Заклятье: Спуск к дьяволу,Брендан Малдауни,Ирландия,фильм ужасов о сверхъестественном,2022
Завтра это сегодня,Начо Г. Велилья,Испания,"Путешествия во времени, Комедия",2022
Заговор в Голливуде,Эдвард Дрэйк,США,"триллер, боевик",2022
За пивом!,Питер Фаррелли,США,"драматический фильм, военный фильм",2022
"За рекой, в тени деревьев","Паула Ортис, [d]",США,[d],2022
Заговор в Каире,Тарик Салех,Швеция,политический триллер,2022
Заклинатели слонов,"Kartiki Gonsalves, [d]",Индия,документальный фильм,2022
Закат,Мишель Франко,"Франция, Мексика, Швеция",драматический фильм,2021
З/Л/О 99,Flying Lotus,США,"найденная плёнка, ужасы",2022
Жестокая ночь,Томми Виркола,США,,2022
Жить,"Оливер Херманус, [d]",Великобритания,драматический фильм,2022
Жена Чайковского,Кирилл Серебренников,Россия,драма,2022
Женская судьба,Дильмурод Масаидов,Узбекистан,драма,2022
Жажда золота,Энтони Хэйес,Австралия,фильм-триллер,2022
Ёлки 9,Александра Лупашко,Россия,комедия,2022
Екатерина II. Закат Великой,Андрей Арчаков,Россия,драма,2022
Незваные,Джон Райт,"Ирландия, Великобритания",фолк-хоррор,2023
Наследие,Роман Михайлов,Россия,"социально-метареалистическая, [1], драма",2023
Наполеон,Ридли Скотт,"США, Великобритания","эпическая, историческая драма",2023
Нападение на Рио Браво,Джо Корнет,"США,Россия",вестерн,2023
Невидимая красота,"Бетанн Хардисон, ru, Фредерик Тшенг, ru",,документальный фильм,2023
На Адаманте,Николас Филибер,"Франция, [2], Япония, [2]",документальный фильм,2023
Нандор Фодор и говорящий мангуст,"Adam Sigal, [d]",Великобритания,,2023
"На солнце, вдоль рядов кукурузы",Сарик Андреасян,Россия,драма,2023
На земле святых и грешников,Роберт Лоренц,"США, Ирландия, [3]",фильм-триллер,2023
Мятежная Луна — Часть первая: Дитя огня,Зак Снайдер,США,"эпическая, космическая опера",2023
Мятежная луна,Зак Снайдер,США,фантастика,2023
Мэгги Мур(ы),Джон Слэттери,США,"[d], криминальный фильм",2023
Музыка,"Ангела Шанелек, [7], [5]","Германия, [7], [5], Франция, Сербия","драматический фильм, [5], [6]",2023
Моя пиратская свадьба,"Джейсон Мур, [d]",США,"романтический фильм, боевик, комедийный боевик, романтическая комедия",2023
Монстр,Хирокадзу Корээда,Япония,драма,2023
Молоко матери,"Инара Колмане, [d]",Латвия,,2023
Мой Хатико,Сюй Ан,Китай,драма,2023
Место преступления: Азра,"Доминик Хартль, [d]","Австрия, Германия",криминальный фильм,2023
Мёртвый сезон,Стефан Бризе,Франция,драматический фильм,2023
Микулай,,Россия,"драматический фильм, фильм-триллер",2023
Миссия Ассасина,Джесси Атлас,США,"триллер, боевик, криминал",2023
Моё преступление,Франсуа Озон,Франция,"[1], комедийная драма, [d]",2023
Могучие Рейнджеры: Однажды и навсегда,Чарли Хэскелл,США,"фантастика, приключение",2023
Миссия невыполнима: Смертельная расплата,Кристофер Маккуорри,США,"боевик, шпионский",2023
Мизантроп,Дамиан Сифрон,США,"боевик, фильм-триллер, […], [3], [d], [5], [4], [2]",2023
Материнское воскресенье,Эва Юссон,Великобритания,драматический фильм,2021
Маргиналка,Фэйбл Сигл,США,"криминальный фильм, фэнтезийный фильм, [2]",2023
Май декабрь,Тодд Хейнс,США,"драматический фильм, романтический фильм, [2]",2023
Манодром,"Джон Тренгов, [d]","Великобритания, США","драматический фильм, фильм-триллер",2023
Мертвецам не больно,Вигго Мортенсен,США,,2023
«Между отчаянием и надеждой»,Анна Барсукова,Россия,Документальное кино,2023
Мег 2: Бездна,Бен Уитли,"США, Китай","боевик, научно-фантастический",2023
Маэстро,Брэдли Купер,США,биографический фильм,2023
"Берлин, я люблю тебя","Фернандо Эймбке, Деннис Ганзель, Том Ван Авермает, [d], Ай Вэйвэй, Дани Леви, [d], [2], Йозеф Руснак, [2], Тиль Швайгер, [2], Мэсси Таджедин, [d], [2], Дианна Агрон, [2], Питер Челсом, [2]","Германия, США","драматический фильм, романтический фильм",2019
"Белый, белый день",Хлинюр Палмасон,"Исландия, Дания, Швеция",драма,2019
Безупречный,Кори Финли,США,"комедийная драма, криминал",2019
Безмолвные свидетели,Ренни Харлин,"Китай, Гонконг","триллер, боевик, детектив, криминал",2019
Лютер: Павшее солнце,Джэми Пэйн,США,"[d], драматический фильм, фильм-триллер",2023
Любовь-морковь: Восстание машин,Андрей Волгин,Россия,"[1], комедийный фильм",2023
Любовь с первого взгляда,"Vanessa Caswill, [d]","США, Великобритания, [1]","[d], романтическая комедия",2023
Любо,"Giorgio Diritti, [d]","Италия, Швейцария",драматический фильм,2023
Бархатная бензопила,"Дэн Гилрой, Стрингер, Роман Израэл, Esq., Бархатная бензопила",США,"сатира, фильм ужасов",2019
Балканский рубеж,Андрей Волгин,"Россия, Сербия","-, драматический боевик, военно",2019
Бабушка лёгкого поведения 2. Престарелые мстители,Марюс Вайсберг,Россия,комедия,2019
Бабочки в животе,Зересенай Мехари,"Канада, Ирландия",драматический фильм,2019
Аэронавты,Том Харпер,"США, Великобритания","биография, экшн, приключение",2019
Афера в Майами,Оливье Ассаяс,"Франция, [4], Бразилия, Испания, Бельгия","драматический фильм, шпионский фильм",2019
Аутло,"Ксения Ратушная, [d]",Россия,драматический фильм,2020
Атлантика,"Мати Диоп, ru","Сенегал, Франция, Бельгия","драма, сверхъестественная фантастика, романтическая",2019
Амундсен,Эспен Сандберг,Норвегия,"приключения, исторический, драма",2019
Амнезия,Александр Черняев,США,триллер,2019
Американка,Семи Челлас,"Канада, США",драма,2019
Анна,Люк Бессон,Франция,"триллер, боевик, шпионский фильм",2019
Амбивалентность,Антон Бильжо,Россия,"триллер, драма",2019
Атлантида,"Васянович, Валентин Николаевич",Украина,драматический фильм,2019
Арахисовый сокол,"Тайлер Нилсон, Майк Шварц",США,"приключения, бадди-муви",2019
Ангелы Чарли,Элизабет Бэнкс,США,"боевик, комедия, криминал",2019
Алла Пугачёва. Тот самый концерт,Филипп Григорьян,Россия,киноконцерт,2019
"Али, рули!",Майкл Даус,США,"боевик, комедия, бадди-муви",2019
Адская кухня,Андреа Берлофф,США,"криминальная, боевик, драма",2019
Аванпост,"Баранов, Егор Геннадьевич",Россия,"постапокалиптический фильм, фильм-триллер, научно-фантастический фильм",2019
Ад по соседству,"Дэвид Мармор, [d], [1]","США, [1]","драматический фильм, [1], фильм-триллер, фильм ужасов",2019
Айка,Сергей Дворцевой,"Казахстан, Россия, Германия, Китай, Польша",драма,2018
Алита: Боевой ангел,"Роберт Родригес, Пиранья 2: Нерест, Чужие, Бездна, Правдивая ложь, Титаник, Терминатор, Терминатор, Терминатор 2: Судный день, Аватар, Аватар, Аватар: Путь воды, Аватар 3, Аватар 4, Аватар 5, Экспедиция «Бисмарк», [en], Призраки бездны: Титаник, Чужие из бездны, [en], Ксеногенезис, Т2 3-D: Битва сквозь время","США, [2]","боевик, симфоническая музыка, киберпанк, электронная музыка, антиутопия",2019
Аладдин,Гай Ричи,США,"комедия, фэнтези, приключения, мюзикл, мелодрама",2019
Аббатство Даунтон,"Майкл Энглер, [en]",Великобритания,драма,2019
7500,Патрик Воллрат,"США, ,, Австрия, ,, Германия","Триллер, боевик",2019
А потом мы танцевали,Леван Акин,"Грузия, Франция, Швеция",драма,2019
1917,Сэм Мендес,"Великобритания, США","военная, драма",2019
27 Секунд памяти,Иван Качалин,"Россия, Чехия, Нидерланды",документальный,2019
21 мост,Брайан Кирк,США,"триллер, детектив, драма",2019
1+1: Голливудская история,Нил Бёргер,США,комедийная драма,2017
Взаперти,Аниш Чаганти,"Канада, США",психологический триллер,2020
Вечность между нами,Скотт Спир,США,"мистика, фантастика, мелодрама",2020
Вратарь Галактики,Джаник Файзиев,Россия,"приключения, фантастика, супергеройское кино",2020
Все оттенки Токио,Уильям Олссон,"США, Япония","триллер, драма",2020
"Вечер шутов, или Cерьёзно с приветом",Лилия Трофимова,,"мелодрама, комедия",2020
Временная связь,Дмитрий Аболмасов,Россия,"экранизация, короткометражка, фантастика, драма",2020
Восемь сотен,Гуань Ху,Китай,"военный, исторический, драма",2020
Вальгалла: Рагнарёк,"Фенар Ахмад, [d], [1]","Дания, [1], [16], Норвегия, [1], [16], Швеция, [1], [16], Исландия, [1], [16]","[1], фильм-триллер, [17], приключенческий фильм, семейный фильм, [16], фэнтезийный фильм",2019
Вдова,Иван Минин,Россия,"триллер, ужасы",2020
В чужой шкуре,Брэндон Кроненберг,"Канада, Великобритания","триллер, научная фантастика, боди-хоррор",2020
В ожидании Ани,Бен Куксон,"Великобритания, Бельгия",драма,2020
Ведьмы,"Роберт Земекис, Я хочу держать тебя за руку, Подержанные автомобили, Роман с камнем, Назад в будущее, Кто подставил кролика Роджера, Назад в будущее 2, Назад в будущее 3, Смерть ей к лицу, Форрест Гамп, Контакт, Что скрывает ложь, Изгой, Полярный экспресс, Беовульф, Рождественская история, Экипаж, Прогулка, Союзники, Удивительный мир Марвена, Ведьмы, Пиноккио, Здесь","США, Мексика",,2020
В лесу сегодня не до сна,Бартош Ковальски,Польша,"триллер, слэшер, ужасы",2020
Ветеран,Ян Гржебейк,Чехия,,2020
Верю в любовь,"Джон Эрвин, Эндрю Эрвин",США,"драматический фильм, биографический фильм",2020
Бывшая с того света,Эдвард Холл,Великобритания,Комедия,2020
Бог грома,Андре Овредал,"Норвегия, США, Великобритания","фэнтези, приключения, боевик",2020
Бладшот,Дэйв C. Ф. Уилсон,США,"боевик, супергеройский фильм, нанопанк",2020
Брешь,Джон Суитс,"Канада, США","боевик, фантастика, ужасы",2020
Борат 2,"Джейсон Уолинер, ru",США,комедия,2020
Блокадный дневник,Андрей Зайцев,Россия,военно-историческая драма,2020
"Бог существует, её имя — Петруния","Теона Стругар-Митевская, [d], [2]","Северная Македония, Бельгия, Словения, Хорватия, Франция",драматический фильм,2019
Билл и Тед снова в деле,Дин Паризо,США,"хеви-метал, научная фантастика, комедия, Рок",2020
Бесцветные сны,Аюб Шахобиддинов,Узбекистан,Психологический драма,2020
Берегитесь банды Йонссона,Томас Альфредсон,Швеция,комедия,2020
Афера века,Ариэль Виноград,Аргентина,", криминал, комедия, драма",2020
Бессмертная гвардия,"Джина Принс-Байтвуд, Любовь и баскетбол, Тайная жизнь пчёл, Бессмертная гвардия, Королева-воин",США,"боевик, фантастика",2020
Бекки,"Джонатан Милотт, Кэри Мернион",США,"триллер, боевик",2020
Атмосфера,Андрес Уерберг,Швеция,"экспериментальный, кинематограф",2020
Без особых примет,Фернанда Валадес,"Мексика, Испания",драма,2020
Аферистка,Дж. Блэйксон,США,"комедийный триллер, чёрно, -, сатирический",2020
Банкир,Джордж Нолфи,США,"биография, драма",2020
Ася,Рути Прибар,Израиль,драма,2020
Асоциальная сеть,Тиллер Расселл,США,триллер,2020
Архитектура блокады,Максим Якубсон,Россия,документальный,2020
Артемис Фаул,Кеннет Брана,США,"приключения, научное фэнтези",2020
Антебеллум,"Джерард Буш, Кристофер Ренц",США,психологический триллер,2020
Амулет,Ромола Гарай,"Великобритания, ОАЭ",ужасы,2020
Аммонит,"Фрэнсис Ли, [en]","Великобритания, Австралия, США","драматический фильм, [d]",2020
Американский пирог представляет: Правила для девочек,Майк Эллиот,США,комедия,2020
Американский огурчик,"Брэндон Трост, [en], Конец света 2013: Апокалипсис по-голливудски, Интервью",США,кинокомедия,2020
Агент Ева,Тейт Тейлор,США,"триллер, боевик, детектив, драма, криминал",2020
Авангард: Арктические волки,Стэнли Тонг,Китай,"боевик, , криминал, комедия",2020
А завтра весь мир,Юлия фон Хайнц,,драма,2020
2067: Петля времени,Сет Ларни,Австралия,научно-фантастический триллер,2020
365 дней,"Барбара Бяловонс, Томаш Мандес",Польша,эротическая комедия,2020
За гранью жизни,Майк Бёрнс,США,"триллер, криминал",2021
З/Л/О 94,Саймон Баррет,США,"найденная плёнка, ужасы",2021
Женщина в окне,Джо Райт,США,"триллер, детектив, драма",2021
Дунай,Любовь Мульменко,Россия,мелодрама,2021
Дорогой Эван Хансен,Стивен Чбоски,США,мюзикл,2021
Естественный свет,"Денеш Наги, [d]","Германия, Венгрия, Латвия, [1], Франция, [1]","драматический фильм, военный фильм",2021
Ёлки 8,"Александра Лупашко, Варвара Маценова, Антон Богданов, Василий Зоркий",Россия,комедия,2021
Жар-птица,Пеэтер Ребане,"Великобритания, Эстония","мелодрама, драма",2021
Дэдпул и Корг реагируют,Райан Рейнольдс,США,супергеройский фильм,2021
Дьявол в деталях,Джон Ли Хэнкок,США,"неонуар, криминальный триллер",2021
Дюна,Дени Вильнёв,США,"эпический фильм, научная фантастика",2021
Джетлаг,,Россия,,2021
Дети тьмы,"Jamie Patterson, [d]",Великобритания,[d],2021
Диана: Мюзикл,Кристофер Эшли,США,"биография, мюзикл, драма",2021
Дом Gucci,Ридли Скотт,США,"драматический фильм, [d], биографический фильм",2021
Дом у болота,Алекс Маколи,США,фильм ужасов,2021
«Демоник»,Нил Бломкамп,Канада,"Научная фантастика, Фильм ужасов",2021
День курка,Джо Карнахан,США,"чёрная комедия, боевик, научная фантастика",2021
День «да»,Мигель Артета,США,"семейный, комедия",2021
Дело,Алексей Герман мл.,Россия,драматический фильм,2021
Девятаев,"Тимур Бекмамбетов, Сергей Трофимов, Пешаварский вальс, Гладиатрикс, ГАЗ — Русские машины, Ночной Дозор, Дневной Дозор, Ирония судьбы. Продолжение, Особо опасен, Ёлки, Президент Линкольн: Охотник на вампиров, Ёлки 1914, Бен-Гур, Ёлки 5, Профиль, Ёлки последние, Девятаев, Моторный город, Девятаев",Россия,"биография, драма, военно, -, исторический фильм",2021
Грусть,Роб Джаббаз,"Тайвань, [2]",ужасы,2021
"Девушка, которая боялась дождя",Кастилл Лэндон,США,психологический триллер,2021
Город тайн,"Роберт Коннолли, [d]",Австралия,"криминальный фильм, фильм-триллер, [d], фильм-тайна, драматический фильм",2020
Дальний космос,Джо Пенна,"Германия, США","драматический фильм, научно-фантастический фильм, фильм-триллер",2021
"Гуляй, Вася! Свидание на Бали",Роман Каримов,Россия,комедия,2021
Дворец для Путина.,,Россия,документальный фильм-расследование,2021
Гонка со временем,Филлип Нойс,"США, Канада","[1], фильм-триллер",2021
Голос любви,Валери Лемерсье,"Франция, Канада",комедийная драма,2021
Герой,Асгар Фархади,Иран,"драматический фильм, фильм-триллер",2021
Годзилла против Конга,Адам Вингард,США,фильм о монстрах,2021
Глаза Тэмми Фэй,Майкл Шоуолтер,США,"драматический фильм, биографический фильм",2021
Главная роль,"Гастон Дюпра, [d], Мариано Кон, [d]","Испания, Аргентина","[1], комедийный фильм",2021
Главный герой,"Шон Леви, Клуб разбитых сердец: Романтическая комедия, Жизнь, как она есть, С любовью, Саймон",США,комедийный боевик,2021
Гнев человеческий,Гай Ричи,"Великобритания, США","триллер, боевик",2021
Герда,Наталья Кудряшова,Россия,драма,2021
Гениальное ограбление,Жауме Балагеро,Испания,"триллер, боевик, приключения",2021
Гарри Хафт: Последний бой,Барри Левинсон,США,"биография, драма",2021
Гайя: Месть богов,Жако Бауэр,ЮАР,"фантастика, ужасы",2021
Выжить в игре,Джеймс Каллен Брэссак,США,"триллер, боевик",2021
Вуайеристы,"Майкл Мохан, [d]",США,триллер,2021
Выбор Фредерика Фитцелла,Кристофер МакБрайд,Канада,"триллер, драма",2020
Второе солнце,Ринат Ташимов,Россия,драма,2021
Во имя Тисы,"Дмитрий Ляшук, [d]",Венгрия,документальный фильм,2021
Война будущего,"Крис Маккей, [en]",США,"боевик, боевая фантастика",2021
Вне зоны доступа,Анна Курбатова,Россия,"взросления, драма",2021
Время,М. Найт Шьямалан,США,"триллер, ужасы",2021
Всё прошло хорошо,"Озон, Франсуа",Франция,драма,2021
Волшебный дракон,"Эми Хекерлинг, Крис Аппельханс, [d]","США, Китай","комедия, мультфильм, фэнтези, приключения, мелодрама, семейный",
Волк,Натали Бьянчери,"Польша, Ирландия, Великобритания",драматический фильм,2021
Воспоминания,Лиза Джой,США,"Научная фантастика, Неонуар",2021
Власть пса,Джейн Кэмпион,США,"вестерн, психологическая драма",2021
Владивосток,Антон Борматов,Россия,"криминальная, мелодрама",2021
Вкус жизни,"Кристоффер Боэ, [1]",Дания,"драматический фильм, [3], романтический фильм",2021
Вински и порошок-невидимка,Юха Вуолиоки,Финляндия,"[1], семейный фильм, детский фильм",2021
Виновный,Антуан Фукуа,США,фильм-триллер,2021
Вестсайдская история,Стивен Спилберг,США,"музыкальная, романтическая драма",2021
Вечные,Хлоя Чжао,США,,2021
Веном 2,Энди Серкис,США,,2021
Дэвид Боуи: Moonage Daydream,"Бретт Морген, (, рус.","Германия, США",Документальный фильм,2022
Дышите свободно,Сергей Бодров-ст.,Россия,драма,2022
Её правда,Мария Шрадер,США,"драматический фильм, биографический фильм",2022
Великий «Юнайтед»,Мэт Ходжсон,Великобритания,"документальный фильм, [1], исторический фильм, спортивный фильм",2021
Везучая,Наташа Кермани,,"триллер, ужасы",2021
Душа команды,Роберто Буэсо,Испания,драматический фильм,2022
Другое имя,Вета Гераськина,Россия,"триллер, драма",2022
Достать ножи: Стеклянная луковица,"Райан Джонсон, Кирпич, Братья Блум, Петля времени, Звёздные войны: Последние джедаи, Достать ножи, Достать ножи, Стеклянная луковица, Достать ножи 3",США,мистерия,2022
Добыча,Дэн Трахтенберг,США,"[d], кинофантастика, боевик, фильм ужасов",2022
Дом из осколков,Саймон Леренг Вильмонт,"Дания, [2], Швеция, [2], Финляндия, [2], Украина, [2]",документальный фильм,2022
Дополнительный урок,Анна Курбатова,Россия,"драматический фильм, детективный фильм",2022
Домашняя игра,"Чарльз Фрэнсис Киннэйн, Дэниел Киннэйн",США,"спорт, комедия",2022
Добрый медбрат,Тобиас Линдхольм,США,триллер,2022
Доброго траура,"Колсон Бэйкер, Mod Sun",США,комедия,2022
"До пятницы, Робинзон","Mitra Farahani, [d]","Франция, Швейцария, Иран, Ливан",документальный фильм,2022
Доктор Стрэндж:,Сэм Рэйми,США,"боевик, супергероика, приключения, ужасов, научное фэнтези, с элементами",2022
Дневная смена,"Перри, Джей Джей",США,"боевик, фильм о вампирах, комедия ужасов",2022
Дитя тьмы: Первая жертва,Уильям Брент Белл,США,психологический триллер,2022
Джонджоли,Оксана Бычкова,"Россия, Грузия",драма,2022
Джиперс Криперс: Возрождённый,Тимо Вуоренсола,США,фильм ужасов,2022
Детектив Найт: Мерзавец,Эдвард Дрейк,США,"триллер, боевик",2022
Детектив Найт: Искупление,Эдвард Дрейк,США,"триллер, боевик",2022
Деньги,Сет Гэмбл,США,порнофильм,2022
Девица,"Дэвид Зеллнер, [d], Натан Зеллнер, [d]",США,"[d], комедийная драма, драматический фильм, [2]",2018
Гнев во спасение,"Рэндолл Эмметт, [d]",США,триллер,2022
"Два, три, демон, приди!","Дэнни Филиппу, [d], Майкл Филиппу, [d]",Австралия,"фильм-триллер, фильм ужасов, [2]",2022
Дать дуба в округе Юба,Тейт Тейлор,США,комедийный фильм,2021
Далёкие близкие,Иван Соснин,Россия,"комедия, драма",2022
Да будет утро,"Эран Колирин, [d]",Израиль,драматический фильм,2021
Грозный папа,Карен Оганесян,Россия,семейный фильм,2022
Голод,Татьяна Сорокина,Россия,документальный,2022
Двойная петля,"Джей Ди Диллард, [en]",США,"байопик, военный",2022
Глубокие воды,Эдриан Лайн,США,"психологический триллер, эротический",2022
Все старые ножи,"Янус Мец Педерсен, [d]",США,"[d], фильм-триллер",2022
Герцог,Роджер Мичелл,Великобритания,"комедийный фильм, биографический фильм",2020
Вышка,"Скотт Манн, [d]","Великобритания, США","фильм про выживание, фильм-триллер",2022
Выход,Максим и Евгения Арбугаевы,Россия,документальный фильм,2022
Выпускной класс,Алекс Хардкасл,США,комедия,2022
Выживание доброты,"Рольф де Хир, [d]",Австралия,драматический фильм,2022
Всевидящее око,Скотт Купер,США,,2022
Время года зима,Светлана Устинова,Россия,драма,2022
Все любят Жанну,"Селин Дево, [d], [1]","Франция, [1], Португалия, [1], Бельгия, [1]","драматический фильм, [1], комедийный фильм",2022
Время между нами,Грег Бьоркман,США,,2022
Восставший из ада,"Дэвид Брукнер, Восставший из ада, Ночной народ, Повелитель иллюзий, ЗигЗаг, Блэйд: Троица, Невидимый, Нерождённый, Вспомни, что будет, Демоны Да Винчи",США,фильм ужасов о сверхъестественном,2022
«Воронья лощина»,Кристофер Хаттон,"Великобритания, Латвия","триллер, фильм ужасов",2022
Воспламеняющая взглядом,"Кит Томас, [d], [2], Тёмная звезда, Нападение на 13-й участок, Хэллоуин, Кто-то следит за мной, Элвис, Туман, Побег из Нью-Йорка, Нечто, Кристина, Человек со звезды, Большой переполох в маленьком Китае, Князь тьмы, Чужие среди нас, Исповедь невидимки, Мешки для трупов, В пасти безумия, Деревня проклятых, Побег из Лос-Анджелеса, Вампиры, Призраки Марса, Мастера ужасов, Сигаретный ожог, Дитя демона, Палата",США,"триллер, фильм ужасов, научно-фантастический фильм, [d], кинофантастика, [2]",2022
Всё будет хорошо,Ритхи Пань,"Франция, Камбоджа",фантастика,2022
Всё везде и сразу,Дэниел Шайнерт и Дэн Кван,США,"фантастический, комедийный боевик",2022
Война единорогов,Альберто Васкес,"Испания, Франция","приключения, военный, боевик",2022
Воздушный бой,Розанна Лян,"США, [1], Новая Зеландия, [1]","боевик, ужасы",2020
Возвращение с фронта,Николай Гадомский,Россия,"военная, драма",2022
Гарри Поттер 20 лет спустя: Возвращение в Хогвартс,"Эрен Криви, [d], Кэйси Паттерсон, [d]","Великобритания, США","документальный фильм, [d], документальная драма, семейный фильм",2022
Возвращение в прах,Ли Жуйцзюнь,Китай,драма,2022
Вихрь,Гаспар Ноэ,"Франция, Бельгия",драматический фильм,2021
Висящее солнце,"Франческо Карроззини, [d]","Италия, Великобритания",,2022
Венера,Жауме Балагеро,Испания,ужас,2022
Вечная дочь,"Джоанна Хогг, (, рус.","Великобритания, США",драма,2022
Вендетта. Банды Атланты,Джаред Кон,США,"триллер, боевик",2022
L’Amour ouf,Жиль Леллуш,Франция,"драматический фильм, музыкальный фильм, романтический фильм, романтическая комедия",2024
Sommartider – Filmen om Gyllene Tider,"Пер Симонссон, [d]",Швеция,"драматический фильм, музыкальный фильм, биографический фильм",2024
Y2K,"Кайл Муни, [d], [1]",США,"[1], комедийный фильм",
Великая свобода,Себастиан Майзе,"Австрия, Германия","драматический фильм, [d]",2021
Велга,Анастасия Нечаева,Россия,драма,2022
,,,,
Варвар,Зак Креггер,США,ужасы,2022
Варяг,Роберт Эггерс,"США, Великобритания",,2022
Это не я,Леос Каракс,Франция,"биография, драма",2024
Я — капитан,"Маттео Гарроне, [4], [8], […]","Италия, [4], [8], […], Бельгия, [4], [8], […], Франция, [4], [8], […], Люксембург, [4], США, [1]","[9], [1], […], [8], [d], [4], приключенческий фильм, драматический фильм, фильм про выживание",2023
Эммануэль,Одри Диван,,эротика,2024
Я видел свечение телевизора,"Джейн Шёнбрун, (, рус.",США,фильм ужасов,2024
Эль Муэрто,"Хонас Куарон, [en]",США,супергеройский фильм,
Электрический штат,"Энтони Руссо, [d], Джо Руссо, [d]",США,"[d], научно-фантастический фильм",2024
"Я, Победа и Берлин",Ольга Ряшина,Украина,"кинокомедия, дорожное кино",2024
Dance first,Джеймс Марш,Великобритания,"биография, драма",2024
Эдем,Рон Ховард,США,триллер,2024
Эбигейл,"Мэттью Беттинелли, [d], Тайлер Джиллетт, [d]","США, Великобритания, Ирландия",фильм ужасов,2024
Чужой: Ромул,Феде Альварес,США,"фильм ужасов, научно-фантастический",2024
Цена денег: Приключение Ларго Винча,"Оливье Массе-Депасс, [d]","Франция, Бельгия","триллер, боевик, приключенческий фильм",2024
Цвет лиловый,Блитц Базавуле,США,"музыкальный фильм, историческая драма, [d], драматический фильм, история взросления",2023
Риддик: Фурия,"Дэвид Туи, Многоликий, [en], Бродяги, Бандиты",США,"триллер, боевик, фантастика",2024
Холоп 2,Клим Шипенко,Россия,комедия,2024
Холодное хранилище,"Джонни Кэмпбелл, [d]",США,"[d], фильм-триллер",2024
Хеллбой: Горбун,Брайан Тейлор,США,"кинофантастика, боевик",2024
Хидэо Кодзима: Соединяя миры,Глен Милнер,Великобритания,,2024
Фуриоса: Хроники Безумного Макса,Джордж Миллер,"Австралия, США","постапокалиптический, приключенческий боевик",2024
Урожай,Афина Рахель Цангари,"Германия, Великобритания, США",,
Ужасающий 3,Дэмиен Леоне,США,слэшер,2024
Тихое место: День первый,Майкл Сарноски,США,фильм ужасов,2024
Территория зла,Уильям Юбэнк,США,остросюжетный боевик,2024
Тельма,Джош Марголин,США,кинокомедия,2024
Луна,Ким Ён Хва,Республика Корея,научно-фантастический фильм,2023
Люби снова,"Джеймс С. Строуз, [d]",США,"мелодрама, комедия, Поп",2023
Кто убил BlackBerry,Мэтт Джонсон,Канада,докудрама,2023
Крушение,Жан-Франсуа Рише,США,остросюжетный боевик,2023
"Кто угодно, но не ты",Уилл Глак,США,романтическая комедия,2023
Крупный улов,"Брайан Хелгеленд, Гнусный, [en], Ветреная река, Те, кто желает мне смерти",США,,2023
Лимб,"Иван Сен, [d]",Австралия,криминальная драма,2023
Ли,Эллен Курас,США,биография,2023
Крид 3,"Майкл Б. Джордан, Станция «Фрутвейл», Крид: Наследие Рокки, Чёрная пантера, награды и номинации, Чёрная пантера: Ваканда навеки, награды и номинации, Адская кухня, Рокки 2, Рокки 3, Остаться в живых, Рокки 4, Рокки Бальбоа, Рэмбо IV, Неудержимые",США,"спорт, драма",2023
Краска,"Брит Макадамс, [d]",США,"комедийный фильм, независимый кинематограф",2023
Кратер,"Кайл Патрик Альварез, [d]",США,"научно-фантастический фильм, приключенческий фильм",2023
Кошки-мышки,Сюзанна Фогель,США,[d],2023
Кровь за кровь,Мэтью Нэйбл,,"триллер, экшн",2023
Крик. Ночь перед Рождеством,"Тайлер Макинтайр, [d]",США,"[d], комедийный фильм, слэшер",2023
Король неба,Лю Сяоши,Китай,военный фильм,2023
Крик 6,"Мэтт Беттинелли-Олпин, Тайлер Джиллетт",США,слэшер,2023
Корабль призраков,Gary Shore,Великобритания,Фильм ужасов,2023
Копенгагена не существует,"Мартин Сковбьерг, [d], [3]","Дания, [3]","драматический фильм, [2]",2023
Контроль,,Великобритания,"боевик, фильм-триллер",2023
"Конец, с которого мы начинаем",Махалия Бело,Великобритания,"[d], фильм про выживание",2023
Команданте,"Эдоардо Де Анджелис, [d]","Италия, Бельгия","драматический фильм, исторический фильм, военный фильм",2023
Колодец чудес,Влад Марсавин,"США, Италия","драматический фильм, семейный фильм, фэнтезийный фильм",2023
Колбаса Митрофана Аксёнова,Алексей Федорченко,Россия,"биографический, документальный, мокьюментари",2023
Кокаиновый медведь,Элизабет Бэнкс,США,,2023
Книжный клуб: Новая глава,Билл Холдерман,США,"мелодрама, романтическая комедия",2023
Клуб Зеро,Джессика Хаузнер,"Австрия, Германия, Великобритания, Франция, Дания",драма,2023
Клипмейкеры,Григорий Константинопольский,Россия,комедия,2023
Клетка ищет птицу,"Малика Мусаева, [d]","Франция, Россия",драматический фильм,2023
Кладбище домашних животных: Кровные узы,Линдзи Бир,США,фильм ужасов о сверхъестественном,2023
Кентавр,Кирилл Кемниц,Россия,триллер,2023
Кино 3.0,"Никита Карцев, Лана Дружинина",Россия,документальный фильм,2023
Квартира 7А,"Натали Эрика Джеймс, [d]",США,"фильм-триллер, фильм ужасов",2023
Как заниматься сексом,"Молли Мэннинг Уокер, [d], [2]","Великобритания, [2], Греция, [2]","драматический фильм, [1]",2023
К тебе или ко мне?,"Брош Маккенна, Алин",США,романтическая комедия,2023
Истребитель демонов: Деревня кузнецов,Харуо Сотодзаки,,,
Искусство по понятиям,Николь Паон,США,"комедийный триллер, чёрно, -",2023
Ингеборг Бахман: Путешествие в пустыню,Маргарета фон Тротта,"Австрия, Люксембург, Швейцария, Германия","драматический фильм, биографический фильм",2023
Изгоняющий дьявола: Верующий,Дэвид Гордон Грин,США,,2023
Капитан Марвел 2,"Ниа Дакоста, ru",США,супергеройский фильм,2023
Индиана Джонс и Колесо судьбы,"Джеймс Мэнголд, Взгляд на жизнь, Хёрби, Фрейхейт, 1:42.08, Каждый жил в городе Претти Хау, Император, Электронный лабиринт: THX 1138 4EB, 6-18-67, Кинематографист: Дневники Джорджа Лукаса, THX 1138, Американские граффити, Звёздные войны, Эпизод IV. Новая надежда, Эпизод I. Скрытая угроза, Эпизод II. Атака клонов, Эпизод III. Месть ситхов",США,приключенческий боевик,2023
Игра в свидание,Анна Кендрик,США,триллер,2023
Прекрасные дни,Вим Вендерс,"Япония, [1], Германия, [1]",драма,2023
И не подумай прийти на мою бат-мицву,Сэмми Коэн,США,драмеди,2023
Гена Васильевич меняет всё,"Михаил Семичев, Роман Ким",Россия,"музыкальный фильм, комедия, приключенческий фильм, пародия, фантастика",2023
"Иди ко мне, детка",Ребекка Миллер,США,романтическая комедия,2023
Зона интересов,Джонатан Глейзер,"Великобритания, [3], [4], […], Польша, [3], [4], […], США, [3], [4], […]",драма,2023
Избави нас. Одержимые,"Крю Эннис, Ли Рой Кунц",США,фильм ужасов,2023
Злобные маленькие письма,"Теа Шэррок, [d]",Великобритания,комедия,2023
Зла не существует,Рюсукэ Хамагути,Япония,драматический фильм,2023
Зелёная граница,"Агнешка Холланд, [1]","Польша, [1], Чехия, [1], Франция, [1], Бельгия, [1]","драматический фильм, [1]",2023
Звук свободы,"Алехандро Гомес Монтеверде, [en]",США,боевик,2023
За нас с вами,Андрей Смирнов,Россия,драма,2023
Зверь в джунглях,"Патрик Шиа, [d], [1]","Франция, [1], Бельгия, [1], Австрия, [1]",драматический фильм,2023
Звёзды в полдень,Клер Дени,Франция,[d],2022
Запретная страсть,Катрин Брейя,Франция,драма,2023
Заклятие. Зло внутри,Бишал Дутта,США,фильм ужасов о сверхъестественном,2023
Женщина с…,"Малгожата Шумовская, Михал Энглерт, [d]","Польша, Швеция",драматический фильм,2023
Жикина династия: Возвращение,,,,
Ещё одна настоящая любовь,Энди Фикмен,США,мелодрама,2023
Жанна Дюбарри,"Майвенн, [5]","Франция, [5], Великобритания, Бельгия","драматический фильм, [5], исторический фильм, биографический фильм",2023
В поисках снежного барса,Венсан Мюнье,,документальный фильм,2021
В плену надежды,Уильям Николсон,Великобритания,"мелодрама, драма",2019
В пасти океана,Мартин Уилсон,Австралия,фильм ужасов,2021
В лесу сегодня не до сна 2,Бартош Ковальски,Польша,"триллер, слэшер, ужасы",2021
БУМЕРанг,Пётр Буслов,Россия,"криминальная, комедия",2021
Бог простит,Оганнес Хачатрян,Украина,драма,2021
Бо Бёрнем: Дома,Бо Бёрнем,США,,
Быть Рикардо,Аарон Соркин,США,"драматический фильм, романтический фильм, биографический фильм",2021
Благословление,Теренс Дэвис,"Великобритания, США","фильм-биография, драма",2021
Большой красный пёс Клиффорд,Уолт Беккер,США,"комедия, драма, фэнтези, приключения, семейный",2021
Битва при Чосинском водохранилище,"Чэнь Кайгэ, Данте Лам, Цуй Харк, Бабочки-убийцы, Мы собираемся вас съесть, Опасность первого типа, Зу: Воины с волшебной горы, Шанхайский блюз, Безумная миссия 3: Наш человек с Бонд-стрит, Блюз пекинской оперы, Светлое будущее 3: Любовь и смерть в Сайгоне, Виртуоз, Король шахмат, Однажды в Китае, Однажды в Китае 2, Мастер, Зелёная змея, Однажды в Китае 3, Однажды в Китае 5, Лезвие, Колония, Взрыватель, Время не ждёт, Воины Зу, Чёрная маска 2: Город масок, Семь мечей, Забытое, Всё о женщине, Детектив Ди и тайна Призрачного Пламени, Врата дракона, Молодой детектив Ди: Восстание морского дракона, Следы в заснеженном лесу",КНР,"военный фильм, драма",2021
Бисер перед свиньями,Анна Казенав Камбе,Франция,"мелодрама, драма",2021
Билли Айлиш: Слегка размытый мир,Ар Джей Катлер,США,документальный фильм,2021
Бестселлер,Лина Росслер,"США, Канада",комедийная драма,2021
Беспокойный,Жоаким Лафосс,"Бельгия, Франция, Люксембург",драматический фильм,2021
Бесконечность,Антуан Фукуа,США,фантастика,2021
Бендер: Последняя афера,Игорь Зайцев,Россия,комедия,2021
Бендер: Начало,Игорь Зайцев,Россия,комедия,2021
Бендер: Золото империи,Игорь Зайцев,Россия,комедия,2021
Белый тигр,Рамин Бахрани,"США, Индия",драматический фильм,2021
Белый снег,Николай Хомерики,Россия,,2021
Белфаст,Кеннет Брана,Великобритания,"биография, драма",2021
Барб и Звезда едут в Виста дель Мар,Джош Гринбаум,"США, Мексика",комедия,2021
Беккет,Фердинандо Чито Филомарино,"Италия, Бразилия, Греция","триллер, боевик, криминал, драма",2021
Без резких движений,"Стивен Содерберг, Секс, ложь и видео, Кафка, Царь горы, Там, внутри, Анатомия Грея, Шизополис, Вне поля зрения, Англичанин, Эрин Брокович, Траффик, 11 друзей Оушена, Во всей красе, Солярис, Эрос, 12 друзей Оушена, Пузырь, Хороший немец, 13 друзей Оушена, Че, Девушка по вызову, Информатор, Всё в порядке, Заражение, Нокаут, Супер Майк, Побочный эффект, За канделябрами, Удача Логана, Не в себе, Птица высокого полёта, Прачечная, Пусть говорят, Без резких движений, Кими, Супер Майк: Последний танец, Присутствие, Чёрный мешок",США,"триллер, криминальный фильм",2021
Бал безумных женщин,Мелани Лоран,Франция,драматический фильм,2021
Без жалости,"Стефано Соллима, Гнусный, [en], Ветреная река, Те, кто желает мне смерти",США,"триллер, боевик",2021
Батя,Дмитрий Ефимович,Россия,комедия,2021
Бабушка,Пако Пласа,"Испания, Франция",фильм ужасов,2021
Анна,Никколо Амманити,Италия,"антиутопия, постапокалипсис",2021
Аромат дыни в Самарканде,Али Хамраев,Узбекистан,,2021
Афера по-голливудски,Джордж Галло,США,комедийный боевик,2020
Афера Оливера Твиста,Мартин Оуэн,Великобритания,криминальный фильм,2021
Архипелаг,"Алексей Тельнов, Михаил Малахов-младший",Россия,исторический,2021
Армия воров,Маттиас Швайгхёфер,США,"приключения, фильм-ограбление",2021
Армия мертвецов,Зак Снайдер,США,"фильм-ограбление, фильм о зомби",2021
Аннетт,Леос Каракс,"Франция, Германия, Бельгия",мюзикл,2021
Ангел мести,Джордж Галло,США,"триллер, боевик, криминал",2021
Агент 117: Из Африки с любовью,Николя Бедос,Франция,"комедийный фильм, шпионский фильм",2021
Американский неудачник,"Эндрю Эрвин, [en], Джон Эрвин, [en]",США,"биографический, спорт",2021
Амайа. Дитя вампира,"Игорь Легаррета, [d]",,"драматический фильм, фильм о вампирах, фэнтезийный фильм",2021
Амаара: Песнь китов,Себастьян Йобст,Германия,документальный фильм,2021
Аллея кошмаров,"Гильермо дель Торо, Doña Lupe, Геометрия, Хронос, Мутанты, Хребет дьявола, Блэйд 2, Хеллбой, Лабиринт фавна, Хеллбой 2: Золотая армия, Тихоокеанский рубеж, Багровый пик, Форма воды, Аллея кошмаров, Пиноккио","США, Мексика","триллер, драма, нуар",2021
Аллен против Фэрроу,"Кирби Дик, [d], Эми Зиринг Кофман, [d]",США,телевизионный документальный фильм,2021
Агнец,Вальдимар Йоханнссон,"Исландия, [4], Швеция, [5], Польша, [5]","драма, фолк-хоррор",2021
8-битное Рождество,Майкл Даус,США,комедия,2021
5 недель,Александр Андреев,Россия,трагикомедия,2021
Автомат,Лиза Гурвиц,США,документальный фильм,2021
18 килогерц,Фархат Шарипов,Казахстан,драма,2021
